Name,Location,Gender,First Hobbies,Second Hobbies,Third Hobbies,Age,,
Joe Stein,San Mateo,M,Baseball,Golf,Roller blade,33,,
Emily Joy,Los Angelos,F,Swimming,,,31,,
Patel Jones,Portland,M,Soccer,Football,,22,,
Steven Billen,New York City,M,Soccer,Golf,Tennis,39,,
William Kent,Houston,M,Volleyball,,,21,,
Kelsey Jenkins,New Orleans,F,Volleyball,Swimming,,,,
,,,,,,,,
,,,,,,,,
,,,,,,,,
,,,,,,,,
,,,,,,,,
,,,,,,,,
,,,,,,,,
,,,,,,,,
,,,,,,,,
,,,,,,,,
,,,,,,,,
,,,,,,,,
,,,,,,,,
,,,,,,,,
,,,,,,,,